run_id,seed,policy,arm_id,phase_index,phase_id,rounds,evaluation_utility,collision_probability,effective_airtime,p95_delay_us,jain_fairness
162309d47614126e,10357,adaptive_db_lbt,,0,low-n04-p025,16384,0.6379446783046047,0.20751953125,0.2952135530525214,112243.0,0.9987461302987927
162309d47614126e,10357,adaptive_db_lbt,,1,high-n06-p045,16384,0.7804623609122632,0.01824951171875,0.4002036936693442,22022.0,0.9989145228565076
1aaad79b55aca2db,10303,tmc_db_lbt,,0,low-n04-p025,16384,0.6151645112299384,0.27423095703125,0.285349195032915,116198.0,0.9982135564303376
1aaad79b55aca2db,10303,tmc_db_lbt,,1,high-n06-p045,16384,0.7855757096576089,0.02044677734375,0.4170229653129692,22022.0,0.9990832466676701
1c91aa8930a27b29,10253,tmc_db_lbt,,0,low-n04-p025,16384,0.6173956681018273,0.27813720703125,0.288613933526946,112240.0,0.9966559760519738
1c91aa8930a27b29,10253,tmc_db_lbt,,1,high-n06-p045,16384,0.7879708044195786,0.020263671875,0.42449005197254525,22022.0,0.9986641151924406
2286ceea5cf71824,10159,adaptive_db_lbt,,0,low-n04-p025,16384,0.6342693031847496,0.2120361328125,0.2911712084052632,114204.0,0.999071800758361
2286ceea5cf71824,10159,adaptive_db_lbt,,1,high-n06-p045,16384,0.7785017829725316,0.02197265625,0.39721632983940613,22022.0,0.9988125112656883
2698f0a4d5565ede,10181,tmc_db_lbt,,0,low-n04-p025,16384,0.615923167674869,0.27349853515625,0.28377838632820784,114241.0,0.9975970180635864
2698f0a4d5565ede,10181,tmc_db_lbt,,1,high-n06-p045,16384,0.7853102340216043,0.01995849609375,0.41587506394723245,22022.0,0.9990685101878929
271479aecac96e39,10259,tmc_db_lbt,,0,low-n04-p025,16384,0.6179739023493133,0.275390625,0.28638348059552227,112259.0,0.9985991952024177
271479aecac96e39,10259,tmc_db_lbt,,1,high-n06-p045,16384,0.7847376258137558,0.02288818359375,0.41659865564469545,22022.0,0.9988243594918845
2790a8939541c64d,10193,tmc_db_lbt,,0,low-n04-p025,16384,0.6190979019831103,0.26715087890625,0.2887023033626339,114219.0,0.9973925617663842
2790a8939541c64d,10193,tmc_db_lbt,,1,high-n06-p045,16384,0.787666916280347,0.01837158203125,0.42173939277115063,22022.0,0.9990840425933282
28f233fe1272b6c1,10253,adaptive_db_lbt,,0,low-n04-p025,16384,0.6342193615383581,0.212158203125,0.29432491060243965,114216.0,0.9958838263563845
28f233fe1272b6c1,10253,adaptive_db_lbt,,1,high-n06-p045,16384,0.7791230067427904,0.02313232421875,0.4000332372544093,22022.0,0.9987290261380244
2cd12b23ff050696,10151,tmc_db_lbt,,0,low-n04-p025,16384,0.6185606810945999,0.2705078125,0.28754541499400227,114201.0,0.9994194876647977
2cd12b23ff050696,10151,tmc_db_lbt,,1,high-n06-p045,16384,0.7860260442877604,0.023193359375,0.4204388963190105,22022.0,0.9990782560755209
31c6a8ac868714a7,10331,tmc_db_lbt,,0,low-n04-p025,16384,0.6176294248543378,0.27325439453125,0.28781229821106574,114232.0,0.998480772250385
31c6a8ac868714a7,10331,tmc_db_lbt,,1,high-n06-p045,16384,0.7878434791396396,0.0174560546875,0.42172479447195427,22022.0,0.9989416839625898
33f846f2bb5c70b4,10211,tmc_db_lbt,,0,low-n04-p025,16384,0.6169444134708851,0.2803955078125,0.28780028982365474,112280.0,0.9978895814483756
33f846f2bb5c70b4,10211,tmc_db_lbt,,1,high-n06-p045,16384,0.7876765706037242,0.0216064453125,0.42449649819612656,22022.0,0.9987820475994212
365e5cee63b99f7e,10333,tmc_db_lbt,,0,low-n04-p025,16384,0.6191563917627199,0.27044677734375,0.28669974125493086,112317.0,0.9982385170410412
365e5cee63b99f7e,10333,tmc_db_lbt,,1,high-n06-p045,16384,0.7863904353598121,0.01824951171875,0.4183929222506665,22022.0,0.9985095176178322
38c8a1c3961fe742,10313,adaptive_db_lbt,,0,low-n04-p025,16384,0.6402390294505222,0.20526123046875,0.2957645494241081,110237.0,0.9993724617790211
38c8a1c3961fe742,10313,adaptive_db_lbt,,1,high-n06-p045,16384,0.7810563318081423,0.01690673828125,0.40076387950901865,22022.0,0.9991291696263457
3a118022fc56d105,10141,adaptive_db_lbt,,0,low-n04-p025,16384,0.6333145723685653,0.212890625,0.29096731095849143,114264.0,0.9971723748972042
3a118022fc56d105,10141,adaptive_db_lbt,,1,high-n06-p045,16384,0.7774856154567352,0.0252685546875,0.39656813149139386,22023.0,0.9988861308944369
3aff7b5b8da3a618,10169,adaptive_db_lbt,,0,low-n04-p025,16384,0.632110280226502,0.212158203125,0.2908405500440544,116269.0,0.9971469429792014
3aff7b5b8da3a618,10169,adaptive_db_lbt,,1,high-n06-p045,16384,0.7764731787941036,0.0238037109375,0.3922706306779209,22022.0,0.9990456889075146
4089e4b2574f90c9,10111,adaptive_db_lbt,,0,low-n04-p025,16384,0.636301314669726,0.21307373046875,0.29508535238469663,112266.0,0.9981558894760441
4089e4b2574f90c9,10111,adaptive_db_lbt,,1,high-n06-p045,16384,0.7766198285867353,0.02728271484375,0.39949070628497807,24021.0,0.9988728156080401
45d9eb75102f42ff,10141,tmc_db_lbt,,0,low-n04-p025,16384,0.6139198938133011,0.27606201171875,0.28459566309416523,116256.0,0.9967225271348004
45d9eb75102f42ff,10141,tmc_db_lbt,,1,high-n06-p045,16384,0.7859695434988166,0.02069091796875,0.4185129987673104,22022.0,0.9989578202057017
4de0c4cbd902c942,10337,tmc_db_lbt,,0,low-n04-p025,16384,0.6158009761935933,0.27593994140625,0.2851867991522233,114209.0,0.9975890854832443
4de0c4cbd902c942,10337,tmc_db_lbt,,1,high-n06-p045,16384,0.7869279209961624,0.017822265625,0.4193017057553527,22022.0,0.9988927564518841
518e9c73edea4bb3,10163,adaptive_db_lbt,,0,low-n04-p025,16384,0.6379064495907242,0.20556640625,0.29448496677692304,112237.0,0.9978831866827491
518e9c73edea4bb3,10163,adaptive_db_lbt,,1,high-n06-p045,16384,0.7807585608761972,0.0177001953125,0.4007391923975361,22022.0,0.9988556367154308
5bdcd68988e2f2c6,10273,tmc_db_lbt,,0,low-n04-p025,16384,0.6191227983432777,0.274169921875,0.28845398470753386,112257.0,0.999055851728549
5bdcd68988e2f2c6,10273,tmc_db_lbt,,1,high-n06-p045,16384,0.7890379155403564,0.01617431640625,0.4244025884118363,22022.0,0.9988858955139204
65507e16c343dc19,10289,adaptive_db_lbt,,0,low-n04-p025,16384,0.6382284854704094,0.20770263671875,0.29743733291874686,112308.0,0.9976411010315441
65507e16c343dc19,10289,adaptive_db_lbt,,1,high-n06-p045,16384,0.7803317069233365,0.02374267578125,0.40375821990338173,22023.0,0.9990899077025653
6cea191101a6a0bb,10133,tmc_db_lbt,,0,low-n04-p025,16384,0.6150113213532075,0.27862548828125,0.28385145352513097,114258.0,0.9986676267454289
6cea191101a6a0bb,10133,tmc_db_lbt,,1,high-n06-p045,16384,0.785613790518571,0.02056884765625,0.4173199497360134,22022.0,0.9989920575618872
795dcff3bfa4ebad,10159,tmc_db_lbt,,0,low-n04-p025,16384,0.6151380761686426,0.2801513671875,0.285143890145458,114198.0,0.9987798637510947
795dcff3bfa4ebad,10159,tmc_db_lbt,,1,high-n06-p045,16384,0.7879162843271201,0.01708984375,0.4218158655115437,22022.0,0.9987943702823168
7d520cc2e1bc314d,10301,adaptive_db_lbt,,0,low-n04-p025,16384,0.6349208856390917,0.2135009765625,0.29443315987283786,114244.0,0.9989432294663123
7d520cc2e1bc314d,10301,adaptive_db_lbt,,1,high-n06-p045,16384,0.781712299141101,0.0185546875,0.4042455109655712,22022.0,0.9988514020827315
7dfa1ef5a3303cb3,10343,tmc_db_lbt,,0,low-n04-p025,16384,0.6185939858454775,0.27447509765625,0.2880722779234082,112267.0,0.9981000028552122
7dfa1ef5a3303cb3,10343,tmc_db_lbt,,1,high-n06-p045,16384,0.7892214851018725,0.01629638671875,0.42527847994438694,22022.0,0.998652265400293
81f31b8dddb56903,10193,adaptive_db_lbt,,0,low-n04-p025,16384,0.6376593583103073,0.20184326171875,0.29518186149896686,114170.0,0.9975186597210174
81f31b8dddb56903,10193,adaptive_db_lbt,,1,high-n06-p045,16384,0.7796064854799587,0.021728515625,0.40004269375981233,22022.0,0.999117149398814
8a064a95961e2b1f,10111,tmc_db_lbt,,0,low-n04-p025,16384,0.615498507670822,0.284912109375,0.2866958955896185,112238.0,0.997959709454098
8a064a95961e2b1f,10111,tmc_db_lbt,,1,high-n06-p045,16384,0.7867915732403371,0.02215576171875,0.4222156160332569,22022.0,0.9988199249768172
8defb71a4860afba,10337,adaptive_db_lbt,,0,low-n04-p025,16384,0.6341539933898211,0.21026611328125,0.2905954501092485,114195.0,0.9979561150211527
8defb71a4860afba,10337,adaptive_db_lbt,,1,high-n06-p045,16384,0.7779985855019103,0.02105712890625,0.39498530649415253,22022.0,0.9988472966912656
8ff80e36b83407ba,10271,adaptive_db_lbt,,0,low-n04-p025,16384,0.6343838998680287,0.20513916015625,0.29135587328864576,116187.0,0.9980241964326279
8ff80e36b83407ba,10271,adaptive_db_lbt,,1,high-n06-p045,16384,0.7736196571067177,0.02783203125,0.39091636540890773,24021.0,0.9988586293487453
96eab3406175d20c,10369,adaptive_db_lbt,,0,low-n04-p025,16384,0.636863652600773,0.2076416015625,0.29533576147865787,112249.0,0.9954843974955365
96eab3406175d20c,10369,adaptive_db_lbt,,1,high-n06-p045,16384,0.77626617677728,0.02783203125,0.398877339106787,24021.0,0.9988372146625529
9a800ff3d744b8fe,10357,tmc_db_lbt,,0,low-n04-p025,16384,0.6181484072282813,0.27728271484375,0.28808882513027745,112244.0,0.9988064326873787
9a800ff3d744b8fe,10357,tmc_db_lbt,,1,high-n06-p045,16384,0.7889452590899212,0.01434326171875,0.422813890853702,22022.0,0.9988233327051242
9af8b90a69068d22,10333,adaptive_db_lbt,,0,low-n04-p025,16384,0.6384002103993706,0.202392578125,0.2931932139860703,112296.0,0.9983938508057913
9af8b90a69068d22,10333,adaptive_db_lbt,,1,high-n06-p045,16384,0.7777212650762734,0.02197265625,0.39505902568045104,22022.0,0.998628261735869
9d5c594c78ae7983,10267,adaptive_db_lbt,,0,low-n04-p025,16384,0.6356563665042847,0.21002197265625,0.2939844270169293,114182.0,0.9988651519881122
9d5c594c78ae7983,10267,adaptive_db_lbt,,1,high-n06-p045,16384,0.7797486628853875,0.0228271484375,0.40161643507226263,22022.0,0.9987939149120248
ad4ada961efae1dc,10289,tmc_db_lbt,,0,low-n04-p025,16384,0.6177679478212189,0.27984619140625,0.29027167067247384,112248.0,0.9974128163458701
ad4ada961efae1dc,10289,tmc_db_lbt,,1,high-n06-p045,16384,0.7890959466048018,0.02117919921875,0.42795231504768944,22022.0,0.9992639241807784
afcb3e69eda907ba,10247,adaptive_db_lbt,,0,low-n04-p025,16384,0.637532239237617,0.20648193359375,0.2936385157023079,112246.0,0.9983116522058557
afcb3e69eda907ba,10247,adaptive_db_lbt,,1,high-n06-p045,16384,0.7769356896296234,0.02532958984375,0.39510957207398895,22022.0,0.9987386891976937
b7608c442057bead,10139,tmc_db_lbt,,0,low-n04-p025,16384,0.6212644827805051,0.272705078125,0.28990317943172894,110251.0,0.998921077503536
b7608c442057bead,10139,tmc_db_lbt,,1,high-n06-p045,16384,0.7898504612576566,0.01495361328125,0.4262043679697409,22022.0,0.9986062257641665
b8f7996621c1a574,10177,adaptive_db_lbt,,0,low-n04-p025,16384,0.6413802348931839,0.20660400390625,0.30109427271545164,110249.0,0.9984974348937875
b8f7996621c1a574,10177,adaptive_db_lbt,,1,high-n06-p045,16384,0.7829991866476346,0.01947021484375,0.4087448180423747,22022.0,0.9988994030333416
bb70032f71d13e64,10163,tmc_db_lbt,,0,low-n04-p025,16384,0.6183631253532867,0.27520751953125,0.2887978030758183,112260.0,0.9972172126324795
bb70032f71d13e64,10163,tmc_db_lbt,,1,high-n06-p045,16384,0.7890907079668552,0.01708984375,0.4253054424299916,22022.0,0.998828064283074
bc1be42a356fa1e5,10301,tmc_db_lbt,,0,low-n04-p025,16384,0.6174683969093886,0.279541015625,0.2873770299346464,112237.0,0.9991579225122694
bc1be42a356fa1e5,10301,tmc_db_lbt,,1,high-n06-p045,16384,0.7900430499572383,0.01556396484375,0.4269096724085809,22022.0,0.9989364510959463
bebeb2651577b7e2,10369,tmc_db_lbt,,0,low-n04-p025,16384,0.617247783951675,0.2762451171875,0.2883030226037884,112298.0,0.9952201671418615
bebeb2651577b7e2,10369,tmc_db_lbt,,1,high-n06-p045,16384,0.7871250061141715,0.0224609375,0.42344717494339007,22022.0,0.9988175465241244
c190f6b8aa80ec17,10331,adaptive_db_lbt,,0,low-n04-p025,16384,0.6367621059295508,0.2108154296875,0.29453590624075043,112291.0,0.9984439838135273
c190f6b8aa80ec17,10331,adaptive_db_lbt,,1,high-n06-p045,16384,0.7797574749516203,0.02099609375,0.40009778803269225,22022.0,0.9989657071346689
c303c7b0dc58b728,10211,adaptive_db_lbt,,0,low-n04-p025,16384,0.6362622559743588,0.21368408203125,0.2955719927523379,112229.0,0.9979358366941758
c303c7b0dc58b728,10211,adaptive_db_lbt,,1,high-n06-p045,16384,0.7787768650809035,0.02532958984375,0.40444831832413347,24020.0,0.9989194693013892
c37d5040c78f8ee4,10181,adaptive_db_lbt,,0,low-n04-p025,16384,0.6346707014552614,0.20965576171875,0.29166526718848973,114230.0,0.9980486584663572
c37d5040c78f8ee4,10181,adaptive_db_lbt,,1,high-n06-p045,16384,0.7784702130032753,0.0225830078125,0.39727230414875075,22022.0,0.9991195907204501
c432e7cfc8525ed1,10223,adaptive_db_lbt,,0,low-n04-p025,16384,0.6381325666930789,0.2060546875,0.29515264881343334,112290.0,0.9983660668908036
c432e7cfc8525ed1,10223,adaptive_db_lbt,,1,high-n06-p045,16384,0.779860344402919,0.02001953125,0.39966307583195976,22022.0,0.9989766058142971
c5c7777a3700e9f4,10103,adaptive_db_lbt,,0,low-n04-p025,16384,0.6345789659662975,0.209716796875,0.29173939031067875,114195.0,0.9976751052444635
c5c7777a3700e9f4,10103,adaptive_db_lbt,,1,high-n06-p045,16384,0.7790881587742344,0.02203369140625,0.3991293998352856,22022.0,0.9987043450421051
c6e8a54ccbe2b22d,10169,tmc_db_lbt,,0,low-n04-p025,16384,0.6147862266217983,0.27252197265625,0.2841628319593622,116300.0,0.99718732739822
c6e8a54ccbe2b22d,10169,tmc_db_lbt,,1,high-n06-p045,16384,0.7838707573601066,0.01922607421875,0.4112291792246845,22022.0,0.9988466485196977
cdd343ad679eb146,10303,adaptive_db_lbt,,0,low-n04-p025,16384,0.6352190337156655,0.2081298828125,0.29197006715573026,114255.0,0.9982944461006408
cdd343ad679eb146,10303,adaptive_db_lbt,,1,high-n06-p045,16384,0.7771519366115608,0.02459716796875,0.39496553080278063,22023.0,0.9989841550084645
cf2b06bf439408a8,10313,tmc_db_lbt,,0,low-n04-p025,16384,0.6193446826578654,0.2750244140625,0.28923558510284336,112150.0,0.9993667734176276
cf2b06bf439408a8,10313,tmc_db_lbt,,1,high-n06-p045,16384,0.7898529957160281,0.01373291015625,0.4248684387361347,22022.0,0.9990342310291369
cfe7c549a6bfaffe,10223,tmc_db_lbt,,0,low-n04-p025,16384,0.6203001052818614,0.27032470703125,0.2898995398123547,112333.0,0.9984103063066672
cfe7c549a6bfaffe,10223,tmc_db_lbt,,1,high-n06-p045,16384,0.7880961612372577,0.0172119140625,0.4222646175470683,22022.0,0.9989768017115799
d085ab2db97bdb80,10321,tmc_db_lbt,,0,low-n04-p025,16384,0.6225333823838398,0.27044677734375,0.29147803278146656,110223.0,0.9994031973778653
d085ab2db97bdb80,10321,tmc_db_lbt,,1,high-n06-p045,16384,0.7885893528771982,0.017822265625,0.42443181776418304,22022.0,0.9987469400861616
d402fa13c4f09202,10273,adaptive_db_lbt,,0,low-n04-p025,16384,0.6366407658091107,0.21173095703125,0.2939929600809907,112237.0,0.9992015551197788
d402fa13c4f09202,10273,adaptive_db_lbt,,1,high-n06-p045,16384,0.7815300769289628,0.018798828125,0.4038111897734044,22022.0,0.998922162107234
d8db25f98ad1ad01,10259,adaptive_db_lbt,,0,low-n04-p025,16384,0.634718000512307,0.212890625,0.29339388247769077,114168.0,0.9987640878092303
d8db25f98ad1ad01,10259,adaptive_db_lbt,,1,high-n06-p045,16384,0.7750049177522472,0.02947998046875,0.3962918107159565,24021.0,0.9988749278923479
d8e4a218426aea14,10103,tmc_db_lbt,,0,low-n04-p025,16384,0.6161985524520818,0.27447509765625,0.2853794754707221,114242.0,0.9975565051277107
d8e4a218426aea14,10103,tmc_db_lbt,,1,high-n06-p045,16384,0.7872258999681253,0.018798828125,0.4210623991977893,22022.0,0.9987584218003367
d912193ccac3bec9,10321,adaptive_db_lbt,,0,low-n04-p025,16384,0.6376738712623734,0.21234130859375,0.2973273143753734,112169.0,0.9992882808570595
d912193ccac3bec9,10321,adaptive_db_lbt,,1,high-n06-p045,16384,0.7820236479173327,0.0189208984375,0.4054295898299921,22022.0,0.9988760277501308
daeb10eb8594a28c,10343,adaptive_db_lbt,,0,low-n04-p025,16384,0.6357740686359773,0.20855712890625,0.293985649754306,114195.0,0.9981444028333133
daeb10eb8594a28c,10343,adaptive_db_lbt,,1,high-n06-p045,16384,0.780998063807607,0.01885986328125,0.40240302382060594,22022.0,0.9987800650631523
dcd6b3bce3802392,10271,tmc_db_lbt,,0,low-n04-p025,16384,0.6145844676283531,0.2747802734375,0.28409032466061807,116187.0,0.9981222833025662
dcd6b3bce3802392,10271,tmc_db_lbt,,1,high-n06-p045,16384,0.7846089166430538,0.021728515625,0.4156189272748663,22022.0,0.9985482093730449
dee55078ca2a1604,10151,adaptive_db_lbt,,0,low-n04-p025,16384,0.6355354251392954,0.2113037109375,0.2941569262157789,114225.0,0.9993771324052326
dee55078ca2a1604,10151,adaptive_db_lbt,,1,high-n06-p045,16384,0.7785043411069998,0.02734375,0.40113518909102,22022.0,0.9989296467299794
e17a214d44f20711,10139,adaptive_db_lbt,,0,low-n04-p025,16384,0.6359865793678088,0.2161865234375,0.295522536425921,112170.0,0.9989170942556302
e17a214d44f20711,10139,adaptive_db_lbt,,1,high-n06-p045,16384,0.782689005065778,0.01751708984375,0.4064594971848665,22022.0,0.99878933539528
e77c410c76ac0633,10243,tmc_db_lbt,,0,low-n04-p025,16384,0.6209184087169243,0.26788330078125,0.2899628401661552,112233.0,0.9981708615705553
e77c410c76ac0633,10243,tmc_db_lbt,,1,high-n06-p045,16384,0.7881743637292914,0.01959228515625,0.4243251242505196,22022.0,0.9989361808045423
ed67b7b6e08488fc,10247,tmc_db_lbt,,0,low-n04-p025,16384,0.6211069250223451,0.26629638671875,0.2895788967445557,112247.0,0.9979581683615424
ed67b7b6e08488fc,10247,tmc_db_lbt,,1,high-n06-p045,16384,0.7840956833613566,0.0252685546875,0.41672756964862595,22022.0,0.9985548964510691
f2fcc2db634e3e7f,10177,tmc_db_lbt,,0,low-n04-p025,16384,0.6228654333716702,0.27142333984375,0.29454009252997937,110232.0,0.9980877124678437
f2fcc2db634e3e7f,10177,tmc_db_lbt,,1,high-n06-p045,16384,0.7910013758701023,0.015625,0.4298273323580934,22022.0,0.9989395452522136
f522a23c0746b662,10267,tmc_db_lbt,,0,low-n04-p025,16384,0.6173551474639791,0.27447509765625,0.28753234245597875,114148.0,0.9986854231781461
f522a23c0746b662,10267,tmc_db_lbt,,1,high-n06-p045,16384,0.7879334623165936,0.0186767578125,0.42298487761181375,22022.0,0.9988670776973417
fe4553a4e011aeae,10133,adaptive_db_lbt,,0,low-n04-p025,16384,0.6345862429396011,0.20953369140625,0.2904210096285594,114283.0,0.9990539877449315
fe4553a4e011aeae,10133,adaptive_db_lbt,,1,high-n06-p045,16384,0.7779974689905389,0.02142333984375,0.3952580173789413,22022.0,0.9988458944754878
ffc17aaf6ae0d7b9,10243,adaptive_db_lbt,,0,low-n04-p025,16384,0.6389497460127967,0.20037841796875,0.29695971797489634,114166.0,0.9985053335400563
ffc17aaf6ae0d7b9,10243,adaptive_db_lbt,,1,high-n06-p045,16384,0.7802855336806193,0.0223388671875,0.4027370971705188,22022.0,0.9989176542619638
0486f4e8ce4ef925,10369,pretrain_arm,4,0,low-n04-p025,16384,0.6363766287563367,0.2088623046875,0.2949260569346985,112270.0,0.9953905578499366
0486f4e8ce4ef925,10369,pretrain_arm,4,1,high-n06-p045,16384,0.7785754121582138,0.02520751953125,0.39980099882981524,22022.0,0.9988748772932637
058cfd88824daba4,10211,pretrain_arm,4,0,low-n04-p025,16384,0.6367434517540861,0.21209716796875,0.2957414770384404,112229.0,0.9980197542003806
058cfd88824daba4,10211,pretrain_arm,4,1,high-n06-p045,16384,0.7802018225864927,0.02447509765625,0.40421811215444126,22022.0,0.9987876788472244
075efe80f2a4f9a1,10151,pretrain_arm,20,0,low-n04-p025,16384,0.6185606810945999,0.2705078125,0.28754541499400227,114201.0,0.9994194876647977
075efe80f2a4f9a1,10151,pretrain_arm,20,1,high-n06-p045,16384,0.7860260442877604,0.023193359375,0.4204388963190105,22022.0,0.9990782560755209
0e8bba3b28c51d22,10313,pretrain_arm,4,0,low-n04-p025,16384,0.6390204117754742,0.2100830078125,0.2956901927566531,110252.0,0.9994372984291446
0e8bba3b28c51d22,10313,pretrain_arm,4,1,high-n06-p045,16384,0.7815527401797411,0.0177001953125,0.4028818796036535,22022.0,0.9990954874199447
10667dd9ecf6cbf3,10253,pretrain_arm,4,0,low-n04-p025,16384,0.6343879092234556,0.21148681640625,0.294284702370477,114252.0,0.9959981376045771
10667dd9ecf6cbf3,10253,pretrain_arm,4,1,high-n06-p045,16384,0.7792277960167393,0.0228271484375,0.3999163134138187,22022.0,0.998931435964524
13d4c6194189ae5b,10181,pretrain_arm,4,0,low-n04-p025,16384,0.6344913872822658,0.21002197265625,0.2913740457891133,114222.0,0.9980605955498718
13d4c6194189ae5b,10181,pretrain_arm,4,1,high-n06-p045,16384,0.7782814398714129,0.022705078125,0.39683014256143967,22022.0,0.9990869856465492
151ddb470c3de6ea,10273,pretrain_arm,20,0,low-n04-p025,16384,0.6191227983432777,0.274169921875,0.28845398470753386,112257.0,0.999055851728549
151ddb470c3de6ea,10273,pretrain_arm,20,1,high-n06-p045,16384,0.7890379155403564,0.01617431640625,0.4244025884118363,22022.0,0.9988858955139204
1840630eda9052b3,10271,pretrain_arm,4,0,low-n04-p025,16384,0.6340110559003612,0.2069091796875,0.29136198549932757,116143.0,0.998139066967381
1840630eda9052b3,10271,pretrain_arm,4,1,high-n06-p045,16384,0.7762357483302266,0.025146484375,0.393027328355223,22023.0,0.998585779916707
1a4801ca4a8379ae,10177,pretrain_arm,4,0,low-n04-p025,16384,0.6397709837608462,0.21246337890625,0.3007170171813982,110252.0,0.998447468280828
1a4801ca4a8379ae,10177,pretrain_arm,4,1,high-n06-p045,16384,0.7839121177711769,0.0191650390625,0.41124536729476957,22022.0,0.998908765315636
26fceb6ff15e37f8,10111,pretrain_arm,20,0,low-n04-p025,16384,0.615498507670822,0.284912109375,0.2866958955896185,112238.0,0.997959709454098
26fceb6ff15e37f8,10111,pretrain_arm,20,1,high-n06-p045,16384,0.7867915732403371,0.02215576171875,0.4222156160332569,22022.0,0.9988199249768172
2d485bf31c486318,10259,pretrain_arm,4,0,low-n04-p025,16384,0.6350375854681206,0.2109375,0.29305992301291456,114161.0,0.998577958391447
2d485bf31c486318,10259,pretrain_arm,4,1,high-n06-p045,16384,0.7778316323884163,0.02490234375,0.39733784559693924,22023.0,0.9988798093808101
31e182c1ddf30271,10181,pretrain_arm,20,0,low-n04-p025,16384,0.615923167674869,0.27349853515625,0.28377838632820784,114241.0,0.9975970180635864
31e182c1ddf30271,10181,pretrain_arm,20,1,high-n06-p045,16384,0.7853102340216043,0.01995849609375,0.41587506394723245,22022.0,0.9990685101878929
3451725dc811bb16,10357,pretrain_arm,20,0,low-n04-p025,16384,0.6181484072282813,0.27728271484375,0.28808882513027745,112244.0,0.9988064326873787
3451725dc811bb16,10357,pretrain_arm,20,1,high-n06-p045,16384,0.7889452590899212,0.01434326171875,0.422813890853702,22022.0,0.9988233327051242
356492074694733d,10223,pretrain_arm,4,0,low-n04-p025,16384,0.6357394070141066,0.21002197265625,0.2945867328163098,114157.0,0.9984619677181974
356492074694733d,10223,pretrain_arm,4,1,high-n06-p045,16384,0.780977710291254,0.01812744140625,0.40167202061628887,22022.0,0.9989006913121606
367fd26ded50894d,10267,pretrain_arm,4,0,low-n04-p025,16384,0.6370201614003328,0.204833984375,0.2942157633220335,114188.0,0.9988462091602147
367fd26ded50894d,10267,pretrain_arm,4,1,high-n06-p045,16384,0.7791025143449738,0.02215576171875,0.39914798755126085,22022.0,0.998820376772723
37a791bd7d9e5699,10169,pretrain_arm,4,0,low-n04-p025,16384,0.6309603168424567,0.21160888671875,0.29074628091819954,118161.0,0.9971633346482333
37a791bd7d9e5699,10169,pretrain_arm,4,1,high-n06-p045,16384,0.7764118830501037,0.0230712890625,0.39162179234399846,22022.0,0.9989613236031873
3e339e7ee469ed2f,10343,pretrain_arm,20,0,low-n04-p025,16384,0.6185939858454775,0.27447509765625,0.2880722779234082,112267.0,0.9981000028552122
3e339e7ee469ed2f,10343,pretrain_arm,20,1,high-n06-p045,16384,0.7892214851018725,0.01629638671875,0.42527847994438694,22022.0,0.998652265400293
3e800add0502d8f0,10343,pretrain_arm,4,0,low-n04-p025,16384,0.63679723746458,0.204345703125,0.29411060917205195,114204.0,0.9979483805654377
3e800add0502d8f0,10343,pretrain_arm,4,1,high-n06-p045,16384,0.7805525595587642,0.01800537109375,0.4004172570961473,22022.0,0.9987884499004577
4530db74e9f4639e,10177,pretrain_arm,20,0,low-n04-p025,16384,0.6228654333716702,0.27142333984375,0.29454009252997937,110232.0,0.9980877124678437
4530db74e9f4639e,10177,pretrain_arm,20,1,high-n06-p045,16384,0.7910013758701023,0.015625,0.4298273323580934,22022.0,0.9989395452522136
4c58731ad4012e80,10243,pretrain_arm,20,0,low-n04-p025,16384,0.6209184087169243,0.26788330078125,0.2899628401661552,112233.0,0.9981708615705553
4c58731ad4012e80,10243,pretrain_arm,20,1,high-n06-p045,16384,0.7881743637292914,0.01959228515625,0.4243251242505196,22022.0,0.9989361808045423
4d7aaadd4bfb6516,10111,pretrain_arm,4,0,low-n04-p025,16384,0.6371682490988474,0.21014404296875,0.2957084596867057,112257.0,0.9979183198363991
4d7aaadd4bfb6516,10111,pretrain_arm,4,1,high-n06-p045,16384,0.7780740420749086,0.0262451171875,0.3990945500599155,22023.0,0.9988574140554355
4f52764f8f087fcf,10103,pretrain_arm,4,0,low-n04-p025,16384,0.6350622822556208,0.207763671875,0.29198969539544933,114216.0,0.997451905277663
4f52764f8f087fcf,10103,pretrain_arm,4,1,high-n06-p045,16384,0.7788223893064133,0.02197265625,0.39818956428844987,22022.0,0.9988010958182905
52c512b065c767f5,10331,pretrain_arm,20,0,low-n04-p025,16384,0.6176294248543378,0.27325439453125,0.28781229821106574,114232.0,0.998480772250385
52c512b065c767f5,10331,pretrain_arm,20,1,high-n06-p045,16384,0.7878434791396396,0.0174560546875,0.42172479447195427,22022.0,0.9989416839625898
53833677a78193ce,10337,pretrain_arm,20,0,low-n04-p025,16384,0.6158009761935933,0.27593994140625,0.2851867991522233,114209.0,0.9975890854832443
53833677a78193ce,10337,pretrain_arm,20,1,high-n06-p045,16384,0.7869279209961624,0.017822265625,0.4193017057553527,22022.0,0.9988927564518841
5af304a0e11e19d5,10141,pretrain_arm,20,0,low-n04-p025,16384,0.6139198938133011,0.27606201171875,0.28459566309416523,116256.0,0.9967225271348004
5af304a0e11e19d5,10141,pretrain_arm,20,1,high-n06-p045,16384,0.7859695434988166,0.02069091796875,0.4185129987673104,22022.0,0.9989578202057017
5c3de6d822a52868,10163,pretrain_arm,4,0,low-n04-p025,16384,0.6379651257084765,0.20587158203125,0.2948049503497219,112228.0,0.9979501132991451
5c3de6d822a52868,10163,pretrain_arm,4,1,high-n06-p045,16384,0.7804142113056357,0.01885986328125,0.40068262759992446,22022.0,0.9987489037779201
5e5e69f10e3a1df3,10211,pretrain_arm,20,0,low-n04-p025,16384,0.6169444134708851,0.2803955078125,0.28780028982365474,112280.0,0.9978895814483756
5e5e69f10e3a1df3,10211,pretrain_arm,20,1,high-n06-p045,16384,0.7876765706037242,0.0216064453125,0.42449649819612656,22022.0,0.9987820475994212
5ec3d6af7c960c52,10303,pretrain_arm,20,0,low-n04-p025,16384,0.6151645112299384,0.27423095703125,0.285349195032915,116198.0,0.9982135564303376
5ec3d6af7c960c52,10303,pretrain_arm,20,1,high-n06-p045,16384,0.7855757096576089,0.02044677734375,0.4170229653129692,22022.0,0.9990832466676701
66df9e69289b5ede,10331,pretrain_arm,4,0,low-n04-p025,16384,0.636468818520867,0.20703125,0.2944820104774663,114196.0,0.9985898825851348
66df9e69289b5ede,10331,pretrain_arm,4,1,high-n06-p045,16384,0.7795825642604419,0.01971435546875,0.39865866252663784,22022.0,0.9989187968562505
67aef88dfe09cbfc,10369,pretrain_arm,20,0,low-n04-p025,16384,0.617247783951675,0.2762451171875,0.2883030226037884,112298.0,0.9952201671418615
67aef88dfe09cbfc,10369,pretrain_arm,20,1,high-n06-p045,16384,0.7871250061141715,0.0224609375,0.42344717494339007,22022.0,0.9988175465241244
6c90a7a0bc364fd5,10159,pretrain_arm,4,0,low-n04-p025,16384,0.6350263311713756,0.20965576171875,0.29173839779194216,114267.0,0.9991164170112474
6c90a7a0bc364fd5,10159,pretrain_arm,4,1,high-n06-p045,16384,0.7782754874587895,0.0223388671875,0.3968714972341755,22022.0,0.9987531155328178
7052f484bbd93d9e,10193,pretrain_arm,4,0,low-n04-p025,16384,0.6378174020722227,0.2056884765625,0.2945978984497769,112262.0,0.9976446651887659
7052f484bbd93d9e,10193,pretrain_arm,4,1,high-n06-p045,16384,0.7808342066723409,0.0194091796875,0.4021274474477547,22022.0,0.9989760573348929
7110aa1fbd0b6843,10321,pretrain_arm,20,0,low-n04-p025,16384,0.6225333823838398,0.27044677734375,0.29147803278146656,110223.0,0.9994031973778653
7110aa1fbd0b6843,10321,pretrain_arm,20,1,high-n06-p045,16384,0.7885893528771982,0.017822265625,0.42443181776418304,22022.0,0.9987469400861616
76b78f928b0a04b2,10139,pretrain_arm,20,0,low-n04-p025,16384,0.6212644827805051,0.272705078125,0.28990317943172894,110251.0,0.998921077503536
76b78f928b0a04b2,10139,pretrain_arm,20,1,high-n06-p045,16384,0.7898504612576566,0.01495361328125,0.4262043679697409,22022.0,0.9986062257641665
7912d3ee22ff3099,10159,pretrain_arm,20,0,low-n04-p025,16384,0.6151380761686426,0.2801513671875,0.285143890145458,114198.0,0.9987798637510947
7912d3ee22ff3099,10159,pretrain_arm,20,1,high-n06-p045,16384,0.7879162843271201,0.01708984375,0.4218158655115437,22022.0,0.9987943702823168
7f8b258ebf949d97,10271,pretrain_arm,20,0,low-n04-p025,16384,0.6145844676283531,0.2747802734375,0.28409032466061807,116187.0,0.9981222833025662
7f8b258ebf949d97,10271,pretrain_arm,20,1,high-n06-p045,16384,0.7846089166430538,0.021728515625,0.4156189272748663,22022.0,0.9985482093730449
84b4667ddc24f3b8,10151,pretrain_arm,4,0,low-n04-p025,16384,0.6376963831201555,0.20355224609375,0.29474301542044784,114194.0,0.9993983185103313
84b4667ddc24f3b8,10151,pretrain_arm,4,1,high-n06-p045,16384,0.7779576256575712,0.02593994140625,0.3984114920084796,22022.0,0.9989603410189215
9114d20c970a933f,10163,pretrain_arm,20,0,low-n04-p025,16384,0.6183631253532867,0.27520751953125,0.2887978030758183,112260.0,0.9972172126324795
9114d20c970a933f,10163,pretrain_arm,20,1,high-n06-p045,16384,0.7890907079668552,0.01708984375,0.4253054424299916,22022.0,0.998828064283074
988d8eedb21bba4f,10139,pretrain_arm,4,0,low-n04-p025,16384,0.6368899774404974,0.21282958984375,0.2958021295980375,112182.0,0.9988539951062669
988d8eedb21bba4f,10139,pretrain_arm,4,1,high-n06-p045,16384,0.7824210562396395,0.01715087890625,0.40530283863325833,22022.0,0.9988674892653479
9a1a8d70fb33a695,10247,pretrain_arm,4,0,low-n04-p025,16384,0.6380862225863884,0.20458984375,0.29387533110871006,112294.0,0.9984137194629551
9a1a8d70fb33a695,10247,pretrain_arm,4,1,high-n06-p045,16384,0.776442987849466,0.026123046875,0.3940410977725574,22023.0,0.9989261509320905
9f91f5f917715a65,10301,pretrain_arm,20,0,low-n04-p025,16384,0.6174683969093886,0.279541015625,0.2873770299346464,112237.0,0.9991579225122694
9f91f5f917715a65,10301,pretrain_arm,20,1,high-n06-p045,16384,0.7900430499572383,0.01556396484375,0.4269096724085809,22022.0,0.9989364510959463
a005d982b18b41b3,10333,pretrain_arm,20,0,low-n04-p025,16384,0.6191563917627199,0.27044677734375,0.28669974125493086,112317.0,0.9982385170410412
a005d982b18b41b3,10333,pretrain_arm,20,1,high-n06-p045,16384,0.7863904353598121,0.01824951171875,0.4183929222506665,22022.0,0.9985095176178322
a363677fdeb7a7a4,10301,pretrain_arm,4,0,low-n04-p025,16384,0.6361636723842315,0.20880126953125,0.2945975999422775,114204.0,0.9989023693588542
a363677fdeb7a7a4,10301,pretrain_arm,4,1,high-n06-p045,16384,0.7817335710205912,0.0167236328125,0.4028782839603225,22022.0,0.998909153710826
a425757a634cd835,10313,pretrain_arm,20,0,low-n04-p025,16384,0.6193446826578654,0.2750244140625,0.28923558510284336,112150.0,0.9993667734176276
a425757a634cd835,10313,pretrain_arm,20,1,high-n06-p045,16384,0.7898529957160281,0.01373291015625,0.4248684387361347,22022.0,0.9990342310291369
a6348da8d4645c55,10289,pretrain_arm,20,0,low-n04-p025,16384,0.6177679478212189,0.27984619140625,0.29027167067247384,112248.0,0.9974128163458701
a6348da8d4645c55,10289,pretrain_arm,20,1,high-n06-p045,16384,0.7890959466048018,0.02117919921875,0.42795231504768944,22022.0,0.9992639241807784
a8bf24933f4ce17e,10253,pretrain_arm,20,0,low-n04-p025,16384,0.6173956681018273,0.27813720703125,0.288613933526946,112240.0,0.9966559760519738
a8bf24933f4ce17e,10253,pretrain_arm,20,1,high-n06-p045,16384,0.7879708044195786,0.020263671875,0.42449005197254525,22022.0,0.9986641151924406
a928920294acc78f,10289,pretrain_arm,4,0,low-n04-p025,16384,0.6384099961107346,0.20745849609375,0.2977216006533472,112276.0,0.9976542597491689
a928920294acc78f,10289,pretrain_arm,4,1,high-n06-p045,16384,0.7801855908309517,0.0242919921875,0.4037099865487511,22022.0,0.9991097800847291
b80dbf293f84a3be,10243,pretrain_arm,4,0,low-n04-p025,16384,0.6398670284923442,0.2015380859375,0.2967539828307258,112272.0,0.9985446670994318
b80dbf293f84a3be,10243,pretrain_arm,4,1,high-n06-p045,16384,0.7811146748744889,0.019775390625,0.40332642962543647,22022.0,0.9988931379667803
b99ffda1fac61ae8,10133,pretrain_arm,4,0,low-n04-p025,16384,0.6351765483029332,0.20831298828125,0.29127988395306814,114207.0,0.998898502166669
b99ffda1fac61ae8,10133,pretrain_arm,4,1,high-n06-p045,16384,0.7772812399292106,0.02398681640625,0.3950696929828409,22022.0,0.9988081391094784
ba3580435a8e19e1,10273,pretrain_arm,4,0,low-n04-p025,16384,0.6359361467469261,0.20965576171875,0.2941505871069221,114142.0,0.9991836744229187
ba3580435a8e19e1,10273,pretrain_arm,4,1,high-n06-p045,16384,0.7825060125812374,0.015380859375,0.4041953388738174,22022.0,0.9989023434011448
bbbddeea47d7cbb2,10259,pretrain_arm,20,0,low-n04-p025,16384,0.6179739023493133,0.275390625,0.28638348059552227,112259.0,0.9985991952024177
bbbddeea47d7cbb2,10259,pretrain_arm,20,1,high-n06-p045,16384,0.7847376258137558,0.02288818359375,0.41659865564469545,22022.0,0.9988243594918845
bd51a5a23867ddcf,10333,pretrain_arm,4,0,low-n04-p025,16384,0.6354140180688176,0.20819091796875,0.2924732678866326,114198.0,0.9983079747963829
bd51a5a23867ddcf,10333,pretrain_arm,4,1,high-n06-p045,16384,0.7791619710938766,0.019775390625,0.3975989704853997,22022.0,0.99876248576498
c09c304c0fbb0e97,10247,pretrain_arm,20,0,low-n04-p025,16384,0.6211069250223451,0.26629638671875,0.2895788967445557,112247.0,0.9979581683615424
c09c304c0fbb0e97,10247,pretrain_arm,20,1,high-n06-p045,16384,0.7840956833613566,0.0252685546875,0.41672756964862595,22022.0,0.9985548964510691
c3643a294f515059,10303,pretrain_arm,4,0,low-n04-p025,16384,0.6355735112571915,0.20721435546875,0.2923565268677534,114235.0,0.9982447735053832
c3643a294f515059,10303,pretrain_arm,4,1,high-n06-p045,16384,0.777136950068356,0.02496337890625,0.39511427160731366,22022.0,0.9990631127774416
c7816e461f2d7dd3,10141,pretrain_arm,4,0,low-n04-p025,16384,0.6333343126852382,0.212646484375,0.2908064545126,114248.0,0.9971773468243648
c7816e461f2d7dd3,10141,pretrain_arm,4,1,high-n06-p045,16384,0.7775672960772256,0.02447509765625,0.39625521933122393,22022.0,0.9988469921426403
cae5b6c35fe5c3a6,10321,pretrain_arm,4,0,low-n04-p025,16384,0.6400073049480149,0.2088623046875,0.29789703540440676,110253.0,0.999277607955263
cae5b6c35fe5c3a6,10321,pretrain_arm,4,1,high-n06-p045,16384,0.7813016306702557,0.01959228515625,0.403680989886005,22022.0,0.9989621159919497
cd06e6bdb4765c0c,10267,pretrain_arm,20,0,low-n04-p025,16384,0.6173551474639791,0.27447509765625,0.28753234245597875,114148.0,0.9986854231781461
cd06e6bdb4765c0c,10267,pretrain_arm,20,1,high-n06-p045,16384,0.7879334623165936,0.0186767578125,0.42298487761181375,22022.0,0.9988670776973417
cff2581712c57af3,10357,pretrain_arm,4,0,low-n04-p025,16384,0.6369647404384092,0.21051025390625,0.29440425999551023,112226.0,0.9988246517494049
cff2581712c57af3,10357,pretrain_arm,4,1,high-n06-p045,16384,0.7813949132177407,0.0159912109375,0.4012754118653968,22022.0,0.9989467359909504
d683cca372a99ccb,10133,pretrain_arm,20,0,low-n04-p025,16384,0.6150113213532075,0.27862548828125,0.28385145352513097,114258.0,0.9986676267454289
d683cca372a99ccb,10133,pretrain_arm,20,1,high-n06-p045,16384,0.785613790518571,0.02056884765625,0.4173199497360134,22022.0,0.9989920575618872
ee03daefda5ec818,10169,pretrain_arm,20,0,low-n04-p025,16384,0.6147862266217983,0.27252197265625,0.2841628319593622,116300.0,0.99718732739822
ee03daefda5ec818,10169,pretrain_arm,20,1,high-n06-p045,16384,0.7838707573601066,0.01922607421875,0.4112291792246845,22022.0,0.9988466485196977
f0a8b361fe2117ab,10103,pretrain_arm,20,0,low-n04-p025,16384,0.6161985524520818,0.27447509765625,0.2853794754707221,114242.0,0.9975565051277107
f0a8b361fe2117ab,10103,pretrain_arm,20,1,high-n06-p045,16384,0.7872258999681253,0.018798828125,0.4210623991977893,22022.0,0.9987584218003367
f867f0eabecf0207,10193,pretrain_arm,20,0,low-n04-p025,16384,0.6190979019831103,0.26715087890625,0.2887023033626339,114219.0,0.9973925617663842
f867f0eabecf0207,10193,pretrain_arm,20,1,high-n06-p045,16384,0.787666916280347,0.01837158203125,0.42173939277115063,22022.0,0.9990840425933282
fb91e3e830bbbce1,10223,pretrain_arm,20,0,low-n04-p025,16384,0.6203001052818614,0.27032470703125,0.2898995398123547,112333.0,0.9984103063066672
fb91e3e830bbbce1,10223,pretrain_arm,20,1,high-n06-p045,16384,0.7880961612372577,0.0172119140625,0.4222646175470683,22022.0,0.9989768017115799
ff76b2af8cab1c6c,10337,pretrain_arm,4,0,low-n04-p025,16384,0.63533339051722,0.20648193359375,0.29145509197234826,114192.0,0.9977905297746245
ff76b2af8cab1c6c,10337,pretrain_arm,4,1,high-n06-p045,16384,0.7783683875916246,0.02093505859375,0.39590906144494553,22022.0,0.9989413952752407
