run_id,matrix,scenario_id,policy,seed,ablation,arm_id,wifi_nodes,nru_nodes,traffic,interference_interval_ms,interruption_std,join_interval_rounds,lifetime_rounds,config_hash,rounds,elapsed_us,successes,collisions,collision_probability,effective_airtime,mean_delay_us,p95_delay_us,jain_fairness,evaluation_utility,decision_count,switch_count,training_sample_count
10460e6b724ac083,linucb-large-effect-adaptive-fixed-challenge,turnover-n06-p030-j10-l200,adaptive_db_lbt,8191,,,6,6,poisson,,0.0,10,200,10460e6b724ac083dae23499db86e55531203ca18464e2ac71154dbef33bc3a6,100000,636214014,80208,19792,0.19792,0.24424602033365458,93089.29392987181,198424.0,0.9249430468129517,0.5413003557155355,24184,12192,0
17200c255db4dc3e,linucb-large-effect-adaptive-fixed-challenge,combined-n06-p030,adaptive_db_lbt,8123,,,6,6,poisson,30,0.4,10,200,17200c255db4dc3ef30d7449b7d4f57c43d98d390be459e67805a3c477951ca4,100000,625317773,79789,20211,0.20211,0.24728999026867576,91944.3201925367,208288.0,0.9286356366434234,0.5359223756373663,24185,13152,0
2584fece1c0be13b,linucb-large-effect-adaptive-fixed-challenge,turnover-n06-p030-j10-l200,adaptive_db_lbt,8209,,,6,6,poisson,,0.0,10,200,2584fece1c0be13b44c71f666645b0c54d66afc3d65c2f710157849fbc646559,100000,632773890,79989,20011,0.20011,0.2450288964988742,92814.76513247559,208385.0,0.9272944250110494,0.5351569405033079,24180,12488,0
2dd6476153acb1d9,linucb-large-effect-adaptive-fixed-challenge,combined-n06-p030,adaptive_db_lbt,8209,,,6,6,poisson,30,0.4,10,200,2dd6476153acb1d931a1295f3fdf1391d1b0be6a3bbfb14dcdb902b62e06805c,100000,622167747,79895,20105,0.20105,0.24883226066683267,91352.41499442935,204055.0,0.9266074608767736,0.5388474071812022,24189,13040,0
3149d8bfe23d0c8a,linucb-large-effect-adaptive-fixed-challenge,combined-n06-p030,adaptive_db_lbt,8179,,,6,6,poisson,30,0.4,10,200,3149d8bfe23d0c8a62a1f530fcb2394ee6ef93299dffbdb22b3f7398da7e2ee9,100000,623980515,80149,19851,0.19851,0.24889143052808307,91342.58325118235,206121.0,0.9306468425967769,0.5394712577082866,24187,12978,0
4368c999b380939b,linucb-large-effect-adaptive-fixed-challenge,combined-n06-p030,adaptive_db_lbt,8171,,,6,6,poisson,30,0.4,10,200,4368c999b380939b4b30b59c5cc4d6cd6d190cd050d1b52aa312b57fdb9c6871,100000,629562581,79944,20056,0.20056,0.2461045330138514,92400.75296502026,202349.0,0.9265461877939682,0.5391775736026065,24187,13163,0
4a0af08b82cdbc7e,linucb-large-effect-adaptive-fixed-challenge,turnover-n06-p030-j10-l200,adaptive_db_lbt,8147,,,6,6,poisson,,0.0,10,200,4a0af08b82cdbc7ed0f354299b5c6b609ea6153708a020b88f464b2f9cecae24,100000,636514582,79923,20077,0.20077,0.24334930161898474,93467.61592271402,204401.0,0.9274196766387767,0.5371298260859205,24185,12588,0
6460bd3a934a0b18,linucb-large-effect-adaptive-fixed-challenge,combined-n06-p030,adaptive_db_lbt,8101,,,6,6,poisson,30,0.4,10,200,6460bd3a934a0b18325489d40aba023887d7b788a55d229a1bf17307607c9dcd,100000,630675263,80045,19955,0.19955,0.2459512130888825,92466.9809078755,200011.0,0.9271906648587416,0.5411524593158747,24183,13226,0
68a57fb722b4e5b9,linucb-large-effect-adaptive-fixed-challenge,combined-n06-p030,adaptive_db_lbt,8161,,,6,6,poisson,30,0.4,10,200,68a57fb722b4e5b9235ac17d0e3917186605ce4a14fec6b5dbda1d6390738ab4,100000,628438276,80073,19927,0.19927,0.24688323567356996,92081.33676821424,204011.0,0.9287780136558301,0.5393955831098001,24182,13069,0
738a1509f3c4b13f,linucb-large-effect-adaptive-fixed-challenge,combined-n06-p030,adaptive_db_lbt,8191,,,6,6,poisson,30,0.4,10,200,738a1509f3c4b13f5bfd3042e99a4e51bc1ecd07408330be72a9dd38ee85c63b,100000,623974260,80029,19971,0.19971,0.24855194347279647,91441.49250784208,206362.0,0.928157312940357,0.538067585471051,24180,13148,0
8460d205d26eabf3,linucb-large-effect-adaptive-fixed-challenge,turnover-n06-p030-j10-l200,adaptive_db_lbt,8171,,,6,6,poisson,,0.0,10,200,8460d205d26eabf3339a175950b6d5682ac0eb538faad013c24d866c4d635511,100000,639841993,80138,19862,0.19862,0.24267015091021074,93725.25295160123,198437.0,0.9277140922788296,0.5415150810630135,24183,12186,0
8ac3ac5e440cab9d,linucb-large-effect-adaptive-fixed-challenge,combined-n06-p030,adaptive_db_lbt,8111,,,6,6,poisson,30,0.4,10,200,8ac3ac5e440cab9d5ff06403c2f6ee4a1fbde83007d637558df716b872b4c721,100000,626215906,80047,19953,0.19953,0.24770861377641212,91772.22949959393,198390.0,0.9269821911805027,0.5427544349856382,24183,12967,0
9175888901fa4572,linucb-large-effect-adaptive-fixed-challenge,combined-n06-p030,adaptive_db_lbt,8117,,,6,6,poisson,30,0.4,10,200,9175888901fa4572f59e601a7a43993d1696d30ac5587677b42e5413bd795baa,100000,626669707,80189,19811,0.19811,0.2479237344083077,91707.18179777243,196176.0,0.9302295090795887,0.545739581162632,24179,12977,0
928687d07c38638a,linucb-large-effect-adaptive-fixed-challenge,turnover-n06-p030-j10-l200,adaptive_db_lbt,8117,,,6,6,poisson,,0.0,10,200,928687d07c38638afae343a1ed98b634fa491692f547077812784c882bb127d5,100000,633623915,79977,20023,0.20023,0.2446133350253991,92981.47772150316,198478.0,0.928079909129246,0.541854914718215,24183,12300,0
9c6496c1fd0ec554,linucb-large-effect-adaptive-fixed-challenge,turnover-n06-p030-j10-l200,adaptive_db_lbt,8179,,,6,6,poisson,,0.0,10,200,9c6496c1fd0ec5544ca7e6161050260d8fe80a457e98edd8eca94369d39cad0a,100000,630946589,80082,19918,0.19918,0.2459405418863434,92462.0480579493,198389.0,0.9281882705820997,0.5426552708228143,24184,12256,0
b3e0ffbcd94ff505,linucb-large-effect-adaptive-fixed-challenge,turnover-n06-p030-j10-l200,adaptive_db_lbt,8123,,,6,6,poisson,,0.0,10,200,b3e0ffbcd94ff505fe35770573422427fb1e1202d7e555a7f9866a22b09636e4,100000,632318606,79988,20012,0.20012,0.2451613388077339,92785.27278183454,202297.0,0.9273130411574274,0.5392634599883871,24181,12287,0
ba8bad2b402d700c,linucb-large-effect-adaptive-fixed-challenge,combined-n06-p030,adaptive_db_lbt,8147,,,6,6,poisson,30,0.4,10,200,ba8bad2b402d700ce69f31f192bb855c1f3bbe019630b656b8fa1dc2a4b8a2db,100000,626915805,79896,20104,0.20104,0.24700551615539507,92064.8743052426,200452.0,0.930067408589732,0.5417963082483758,24184,12923,0
e46dc528e4707000,linucb-large-effect-adaptive-fixed-challenge,turnover-n06-p030-j10-l200,adaptive_db_lbt,8101,,,6,6,poisson,,0.0,10,200,e46dc528e470700086839d230a2ffd28182f9b80ef5b183ac811db5b09d5839b,100000,631281049,79849,20151,0.20151,0.24509642930846162,92776.6763029673,198424.0,0.9253323714258377,0.5408161002447665,24184,12287,0
ea7030cc6ea3d988,linucb-large-effect-adaptive-fixed-challenge,turnover-n06-p030-j10-l200,adaptive_db_lbt,8161,,,6,6,poisson,,0.0,10,200,ea7030cc6ea3d9883fd74fe29f2e03940dad8f9c963fe1313c7121bde6220407,100000,626459425,79954,20046,0.20046,0.24736836388086905,91911.20363513548,200410.0,0.9232353610480368,0.5398129083096352,24190,12292,0
f5f659e19e7d825c,linucb-large-effect-adaptive-fixed-challenge,turnover-n06-p030-j10-l200,adaptive_db_lbt,8111,,,6,6,poisson,,0.0,10,200,f5f659e19e7d825c29d5dcab0157fd9f54f011616b9c8d6cafb49be89d2b39ed,100000,627930532,80043,19957,0.19957,0.24710549351022798,92053.31495295573,204407.0,0.9254777372605554,0.5380305769235945,24183,12412,0
